Nombres,Telefonos,Salario,Pesos,Alturas,Nacionalidades,Grupo Sanguineos,Fechas de Nacimiento
Linda Garza,+29 (768)624-2270,992.830,217.77 lbs,5.68 ft,Holy See (Vatican City State),A+,1986-03-21
Shawn Walton,7222428589,"431,926",60.67 kg,177.90 cm,Latvia,B+,12/02/1970 21:02:48
Briana Le,318.938.8422x37,"909,293",88.51 kg,156.65 cm,Iceland,AB-,
Dr. Joseph Davidson Jr.,(809)206-1483,"589,451",83.42 kg,171.96 cm,Cape Verde,O+,01/11/1987 09:26:58
Maria Murphy,(420)689-5028x5,"347,991",73.92 kg,169.94 cm,,AB-,06/12/1967 16:23:32
Dorothy Stafford,283.335.1727x86,,98.42 kg,154.58 cm,Romania,AB+,20/12/1980 16:17:33
Daniel Webster,287.631.8491x68,"152,430",87.95 kg,185.72 cm,Benin,O-,26/04/1973 05:03:06
Casey Williams,500.413.1558x66,"616,038",57.77 kg,171.90 cm,Ethiopia,O+,07/05/1988 21:06:42
Lucas Serrano,980-379-6597x02,"56,543",62.33 kg,173.91 cm,Guinea,O-,20/02/1985 11:27:44
Megan Andrews DDS,4276839925,"744,225",80.19 kg,151.58 cm,Greece,O-,06/06/1955 12:26:10
Crystal Smith,,"851,255",50.54 kg,183.67 cm,Jersey,AB-,14/08/1981 12:43:25
Elizabeth Thomas,+1-964-480-9866,"21,432",79.11 kg,191.15 cm,Botswana,B+,04/11/1957 02:06:56
Oscar Craig,934.719.6151,"522,906",73.84 kg,172.77 cm,Malaysia,AB-,26/08/1973 08:08:37
,(259)273-7334x1,"692,787",55.04 kg,162.18 cm,South Georgia and the South Sandwich Islands,A-,24/05/1966 14:18:19
Ronald Meza,346.245.3042x37,"685,702",92.61 kg,173.47 cm,Indonesia,O+,03/03/1978 03:12:13
John Zuniga,001-868-697-884,"169,000",96.41 kg,162.04 cm,Pitcairn Islands,O+,02/09/1956 12:10:19
Miranda Woods,793-876-6087x40,"164,279",80.77 kg,173.19 cm,South Africa,A-,29/03/1964 11:17:19
Daniel Ward,2735696610,"133,999",97.67 kg,197.62 cm,New Caledonia,A-,23/04/1965 20:02:38
Jerry Collins,001-917-797-290,"978,638",81.48 kg,151.16 cm,New Zealand,B+,30/12/1995 00:20:38
Brian Hall,001-241-245-252,"517,492",87.75 kg,194.44 cm,Ecuador,O-,
Jessica Lozano,+1-315-414-0965,"800,286",82.49 kg,199.63 cm,Antarctica (the territory South of 60 deg S),O+,11/05/1960 17:46:57
Ronald Hicks,936.728.8064,"334,599",70.58 kg,164.63 cm,Falkland Islands (Malvinas),AB+,13/03/1987 17:45:33
Richard Ramos,(254)808-1707x7,"879,845",62.04 kg,178.39 cm,Guinea-Bissau,AB-,29/05/1975 19:08:01
Tracie Jones,+1-707-871-4212,"421,027",57.82 kg,165.87 cm,New Caledonia,O+,25/10/1991 20:42:54
Troy Jackson,001-328-914-689,"349,497",72.01 kg,150.66 cm,Antarctica (the territory South of 60 deg S),AB+,04/08/1985 00:56:54
Ashley Clark,(429)340-3535,"671,602",62.67 kg,189.12 cm,Czech Republic,A-,14/02/1974 11:14:06
Dawn Miller,740.986.9041,"476,357",93.96 kg,182.71 cm,Angola,B+,22/07/1962 16:11:14
Ryan Cruz,976.437.2236,"527,805",95.46 kg,174.58 cm,Mali,O-,07/01/1955 14:09:26
Kevin Perez,850-629-6044,"829,213",54.11 kg,196.23 cm,United Arab Emirates,B-,07/08/1997 16:01:01
Roy Anderson,743.998.6843,"384,811",61.94 kg,163.84 cm,Macao,A-,29/08/1982 01:17:42
Steven Hurst,251-610-5284,"90,359",79.66 kg,150.22 cm,Colombia,B-,22/10/1964 22:39:52
Crystal Smith,351.786.4058x87,"853,575",62.65 kg,151.35 cm,Hungary,B-,12/03/1992 10:23:17
Shawn Harris,(565)852-7192x6,"420,922",61.14 kg,189.91 cm,Malaysia,AB+,16/10/2003 20:07:14
,+1-360-350-7731,"934,424",76.40 kg,,Chile,B-,06/06/1985 23:11:34
Deanna Blevins,(359)295-4610x5,"370,408",98.99 kg,169.53 cm,Germany,O-,04/11/1969 17:23:37
David Williams,(931)634-8656x3,"129,773",93.22 kg,173.71 cm,British Indian Ocean Territory (Chagos Archipelago),AB-,31/08/1968 20:36:35
Xavier Blair,(397)866-8954x7,"998,667",82.86 kg,170.03 cm,Solomon Islands,B+,04/04/1967 09:41:57
Anne Hoover,376-518-1597,"710,188",57.20 kg,164.56 cm,Sweden,A-,24/02/2002 03:31:50
Jesus Nolan,+1-436-759-8740,"835,555",85.00 kg,195.63 cm,Cape Verde,AB+,13/05/1963 09:55:22
Tiffany Vega,(985)295-9182,"460,732",88.38 kg,181.07 cm,Bosnia and Herzegovina,AB+,03/01/1999 20:15:40
Tina Washington,8354176537,"502,625",98.71 kg,187.91 cm,Congo,B-,12/02/1961 12:16:23
Matthew Mccoy,(672)281-1122x6,"81,768",82.54 kg,199.68 cm,,A+,25/08/1967 07:40:44
Jeffery Crawford,8386665903,"283,045",82.68 kg,157.33 cm,United States Virgin Islands,O+,07/09/1999 03:18:08
Stephanie Bender,,"517,588",72.28 kg,187.36 cm,Turkey,,28/12/1998 06:56:41
Carlos Rodriguez,(738)319-9453x4,"164,288",74.38 kg,,Saint Vincent and the Grenadines,AB-,24/03/1992 13:59:50
Keith Collins,472-353-2717x29,"766,263",95.57 kg,151.06 cm,Bahamas,AB-,04/02/2004 07:16:08
Becky Barker,654-686-1488,"883,670",84.84 kg,174.23 cm,Burkina Faso,B-,12/08/2003 13:08:22
Lisa Edwards,(628)578-5469x5,"341,790",76.44 kg,188.96 cm,Uruguay,AB-,11/07/1976 07:30:55
Katherine Mullen,9443396289,"19,455",97.47 kg,152.74 cm,Croatia,B+,15/06/1972 12:42:08
Anthony Rivera,,"447,774",67.34 kg,185.34 cm,Suriname,AB+,17/01/1995 20:24:47
Mary Hernandez,(428)775-7617,"961,215",74.12 kg,156.09 cm,,B+,17/07/1969 00:48:35
Douglas Blackburn,+1-548-279-6477,"186,574",54.17 kg,154.21 cm,Saint Pierre and Miquelon,O-,01/10/1989 19:23:35
Christopher Scott,365-674-9074x06,"700,168",,180.73 cm,,O+,11/12/1954 20:21:47
Angel Miles,917-280-0543x86,"872,517",58.28 kg,165.16 cm,Thailand,O+,14/09/2002 02:51:31
Scott Franklin,573-378-0305x34,"439,921",94.84 kg,178.52 cm,Vanuatu,O+,01/12/2002 22:00:05
John Jacobs,317-699-3717x18,"253,926",87.17 kg,152.34 cm,Niue,B+,09/06/1974 11:06:37
Diane Clark,+1-515-558-4224,"416,197",,152.54 cm,Czech Republic,AB+,15/06/1987 06:07:37
Christina Baker,(797)292-9483,"201,080",60.10 kg,194.02 cm,Morocco,AB+,27/09/1971 00:08:14
Holly Alexander,001-471-346-830,"967,674",68.24 kg,194.20 cm,Bahrain,B+,28/05/2005 08:21:43
Julie Conner,,"377,490",88.66 kg,183.40 cm,Spain,AB+,19/10/1978 23:45:45
,688-420-6273x70,"344,648",92.90 kg,184.40 cm,Malaysia,A-,03/09/2006 10:24:43
Michael Williams,8236011348,"529,645",65.29 kg,191.43 cm,Hong Kong,B+,04/01/2006 13:09:44
Melissa Dudley,936-440-0446x27,"998,975",75.18 kg,192.61 cm,Syrian Arab Republic,O+,13/12/1961 14:45:31
Juan Mejia,001-211-757-130,"105,401",89.63 kg,170.63 cm,Bolivia,B-,15/01/1962 08:56:58
Lori Sanchez,958.929.0103,"896,122",63.48 kg,161.87 cm,Holy See (Vatican City State),B-,16/04/1984 20:20:31
Willie Sullivan,(643)687-6091x2,"804,435",69.68 kg,163.28 cm,Portugal,AB+,13/12/2004 08:44:39
Evan Mckinney,777-433-3705,"424,708",94.54 kg,153.83 cm,Grenada,AB-,07/10/1956 15:51:36
Desiree Hernandez,4224307297,"695,825",58.09 kg,154.82 cm,Bhutan,O-,27/06/1988 18:11:20
Ashley Bartlett,001-441-524-045,"716,245",74.54 kg,180.17 cm,Myanmar,AB+,03/06/1979 16:47:57
Jessica Davis,001-982-807-379,"332,209",78.69 kg,164.35 cm,Cote d'Ivoire,A-,05/05/1989 22:56:02
Eric Lawrence,714.752.2244x33,"626,901",80.99 kg,186.91 cm,Latvia,A+,21/06/1975 16:10:52
David Rose,001-662-811-517,"506,418",93.35 kg,165.23 cm,Burkina Faso,O+,07/05/1991 17:32:05
Jared Johnson,(661)858-1960x5,"222,615",82.34 kg,191.65 cm,Liberia,B+,13/04/2005 21:37:15
Kathryn Richardson,+1-660-937-8802,"169,282",69.14 kg,,,B-,04/05/1955 09:43:08
Jonathan Moore,325.858.6988x72,"536,773",50.31 kg,196.24 cm,Papua New Guinea,B-,16/05/1980 09:13:37
Madison Williams,+1-659-722-9314,"400,903",75.53 kg,173.72 cm,Portugal,A-,26/01/1960 20:00:42
Aaron Mccoy,547-819-5834x18,"510,589",81.26 kg,197.16 cm,Gibraltar,O+,16/03/1965 07:36:32
Nicholas Blair,(531)827-9750x4,"861,965",54.48 kg,171.80 cm,Niger,,05/08/2000 00:19:03
Brandon Rodriguez,284.334.9492,"248,499",98.05 kg,195.26 cm,Tonga,A-,02/05/1989 07:46:35
Lauren Gonzalez,(753)802-9323x1,"169,534",99.16 kg,151.02 cm,Ethiopia,B-,08/04/1978 14:17:16
Garrett Sims,408-630-2574,"438,680",92.74 kg,154.95 cm,Holy See (Vatican City State),O+,26/05/1987 09:48:30
Michelle Jones,4049364852,"469,135",62.89 kg,159.78 cm,United States Minor Outlying Islands,O+,17/07/1985 15:16:47
Hannah Rodriguez,001-480-768-845,"403,175",85.49 kg,155.44 cm,Holy See (Vatican City State),AB+,29/01/1990 03:21:52
Larry King,6725851794,"123,473",96.50 kg,173.96 cm,Bosnia and Herzegovina,AB-,23/08/1981 11:33:52
Patrick Davidson,743.551.7896x30,"310,497",88.96 kg,184.85 cm,New Zealand,B+,28/09/1982 13:05:21
Dean Burns,305.306.1938x13,"821,255",90.72 kg,156.12 cm,South Africa,B-,03/07/1990 03:16:53
Keith Stone,+1-738-929-7387,"131,120",90.51 kg,192.51 cm,Palestinian Territory,O+,30/03/1974 11:47:02
Nancy Lucas,302-783-5778,"605,838",76.52 kg,188.27 cm,Samoa,AB+,
Natalie Rodriguez,+1-968-661-7269,"265,241",63.29 kg,156.51 cm,Faroe Islands,AB+,
Justin Walter,+1-239-675-6415,,91.66 kg,162.30 cm,Cape Verde,AB-,
Pamela Foster,,"487,697",51.25 kg,162.31 cm,South Africa,O+,05/05/1989 02:40:48
Chad Johnson,001-300-645-285,"166,311",96.57 kg,160.54 cm,Nicaragua,A+,24/06/1986 23:40:36
Aaron Fischer,(926)854-0912x2,"215,538",74.95 kg,189.21 cm,,,02/01/1998 05:32:51
Ashley Bridges,(475)785-7217x5,"99,663",80.64 kg,153.85 cm,San Marino,O+,27/10/1963 12:22:28
Dr. Jose Freeman,(265)552-0774x6,"917,913",59.83 kg,186.77 cm,Mexico,B-,20/12/2000 11:16:10
Ebony Rodriguez,751-513-6761,"54,901",,177.90 cm,Aruba,A-,04/09/1965 05:59:57
Mary Green,545-689-0410x60,"953,625",87.29 kg,155.48 cm,Norway,O-,30/06/2001 19:42:46
Natasha Adams,7178876229,"550,120",78.48 kg,185.12 cm,Central African Republic,A+,19/12/1993 17:01:51
Christopher Leach,244.235.7446x43,"291,099",88.23 kg,,Czech Republic,A-,13/04/1961 00:06:35
Tamara Hess,759-764-9532x28,"827,952",96.39 kg,177.46 cm,Bahrain,B+,25/12/2002 05:47:06
Jamie Davis,(358)469-7026x3,"795,748",65.71 kg,184.91 cm,Saint Lucia,A-,22/11/2001 15:49:54
John Miller,555.964.6412x09,"985,474",92.47 kg,169.86 cm,Palestinian Territory,AB-,03/07/1977 12:26:08
Alexander Hunter,+1-818-891-2122,"799,224",66.96 kg,199.17 cm,Jamaica,AB+,19/09/1994 05:14:06
Michael Clark,434.435.1574x99,"27,078",89.11 kg,173.75 cm,Sierra Leone,,09/01/1970 06:35:02
Tracy Moran,947-484-2941x45,"282,505",63.58 kg,151.57 cm,Egypt,A+,15/04/2003 11:08:51
Christina Torres,+1-374-463-7921,"444,589",91.66 kg,158.19 cm,Seychelles,,20/09/1958 12:30:57
Amber Hubbard,692.342.9406,"492,440",86.62 kg,189.64 cm,Guadeloupe,AB-,13/11/1974 11:57:11
Benjamin Freeman,+1-713-796-3477,"507,798",85.42 kg,182.84 cm,French Guiana,B+,11/10/1979 04:32:42
Edward Oliver,+1-604-791-5706,"959,379",56.71 kg,189.37 cm,Congo,A+,05/09/2004 07:49:58
Diana Young,911-411-5470,"354,038",60.10 kg,154.84 cm,Nauru,A-,24/07/1971 22:08:47
Christine Smith,001-676-691-176,"842,373",,158.45 cm,Comoros,AB+,24/08/1982 17:21:24
Sophia Johnson,(849)215-7511x8,"268,760",55.91 kg,155.27 cm,Montserrat,AB+,30/07/1966 09:53:00
Karen Henderson,9426553947,"450,489",77.04 kg,161.58 cm,Wallis and Futuna,A-,28/02/1964 06:01:58
,001-369-376-743,"516,695",77.48 kg,164.02 cm,Saint Kitts and Nevis,B-,14/01/1980 14:14:04
Wesley Martin,+1-320-446-1263,"871,680",53.45 kg,160.36 cm,Estonia,B-,
Michael Kemp,864.432.7231x35,"306,396",54.30 kg,178.17 cm,French Polynesia,AB-,08/11/1965 20:28:00
Leonard Mendoza,001-638-879-084,,78.27 kg,195.22 cm,Turkmenistan,AB-,25/07/1991 13:09:31
Matthew Jimenez,(646)202-5278,"369,524",92.43 kg,195.68 cm,Argentina,,28/10/1998 09:33:30
,339-728-2627,"640,439",60.32 kg,189.51 cm,Vietnam,AB-,11/10/1986 21:24:32
Cindy Walker,+1-553-378-4090,"485,995",55.99 kg,186.11 cm,Ethiopia,B-,20/07/1972 00:44:42
Brenda Jensen,+1-896-583-4922,"345,267",74.96 kg,197.42 cm,Guam,,14/12/1998 23:35:15
Megan Christensen,936-550-9280x60,"939,306",84.19 kg,154.78 cm,Latvia,B+,
Kristopher Fisher,+1-255-451-6974,"934,400",53.08 kg,196.91 cm,Guadeloupe,B-,01/02/1961 05:23:14
Andrea Foster,(434)224-2138,"490,172",94.50 kg,170.16 cm,Malawi,O-,08/03/2004 06:04:55
Jennifer Foster,(677)559-2913,"795,993",73.80 kg,197.32 cm,Singapore,B+,19/01/1975 20:49:21
Amanda Taylor,565.372.0040,"18,930",75.17 kg,181.40 cm,Bahrain,AB-,08/12/2001 00:13:21
Jessica Salas,304.715.1424x77,"902,385",99.32 kg,158.64 cm,Palau,AB-,17/05/1973 05:45:57
Kevin Lucas,312.947.2243,"565,998",73.70 kg,,Lebanon,A-,30/10/1984 14:14:06
Mary Bennett,870.954.9844x43,"249,537",77.59 kg,197.18 cm,,O-,22/04/1996 02:29:16
John Jones,+1-515-288-4474,"505,380",81.73 kg,153.68 cm,Chile,AB-,30/06/1955 13:28:38
Mary Wheeler,001-328-904-661,,81.66 kg,156.72 cm,Namibia,B-,12/10/1971 04:10:24
Daniel Benton,+1-634-431-9709,"627,044",83.06 kg,170.89 cm,Brunei Darussalam,O-,21/08/1959 04:46:04
Amy Allen,927.529.3064,"37,276",60.20 kg,169.09 cm,Israel,A+,09/06/1970 06:08:20
Harry Miller,4296657109,,,154.69 cm,United Arab Emirates,AB-,25/02/1980 09:21:19
Brian Carlson,578-469-0859,"324,956",90.05 kg,167.08 cm,India,AB+,25/10/1992 17:14:39
Michael Escobar,001-841-488-779,"819,698",88.83 kg,168.52 cm,Dominica,A-,18/03/1985 14:57:30
Mrs. Brandi Jones,(532)310-3349,"546,596",84.59 kg,192.55 cm,Grenada,O-,22/10/1991 15:06:19
Cory May,+1-999-567-8440,"770,595",97.63 kg,180.72 cm,Gibraltar,B+,28/03/1972 07:13:25
Micheal Roman,+1-473-323-6676,"605,991",55.79 kg,,Kenya,AB+,29/07/1955 16:56:39
Eileen Medina,308-967-7846,"309,613",98.95 kg,198.84 cm,Lesotho,B-,25/06/1960 20:38:19
Micheal Foster,(419)566-8360x9,"544,664",99.43 kg,193.13 cm,Indonesia,,10/07/1994 19:33:46
,(889)914-2384x5,"493,312",89.74 kg,192.79 cm,Trinidad and Tobago,AB-,18/03/1994 01:11:50
David Ochoa,744-489-0020x59,"651,185",79.05 kg,197.19 cm,Saint Helena,,02/08/1972 16:28:53
Edgar Stephens,4608844073,"430,309",87.25 kg,162.80 cm,Bermuda,B+,30/06/1956 15:13:35
Lauren Murray,001-416-939-175,"290,011",97.83 kg,169.31 cm,Yemen,B+,24/04/2005 05:42:37
Tracy Campbell,001-596-628-767,"819,590",54.74 kg,179.22 cm,Peru,AB+,23/07/1979 18:21:53
Mrs. Tina Lawrence,001-225-346-924,"231,809",62.75 kg,163.81 cm,Greenland,A+,10/01/1979 01:31:44
Philip Hernandez,7474777381,"380,116",63.76 kg,160.97 cm,Guernsey,AB+,13/07/1970 14:17:02
Victoria Stevens,(404)201-6222x7,"69,269",54.60 kg,187.91 cm,Cape Verde,AB+,14/04/1956 16:43:28
Dawn Thomas,001-847-237-767,"628,254",93.42 kg,161.64 cm,Eritrea,B-,13/04/1956 04:04:55
Anthony Watson,,"862,649",99.48 kg,184.35 cm,Tanzania,AB+,30/07/1975 22:24:33
Andrew Pitts,001-264-329-754,"429,983",,160.53 cm,Uganda,A-,18/06/2000 20:27:49
Matthew Rodriguez,850-808-2511,,62.47 kg,164.84 cm,El Salvador,B+,26/09/1991 20:12:49
Derek Bradshaw,303.850.3047x86,"694,538",69.38 kg,176.79 cm,Azerbaijan,AB-,14/09/1992 13:17:57
Brian Soto,001-843-349-325,"486,767",94.33 kg,154.11 cm,Madagascar,O-,12/02/1965 10:55:22
,,"467,411",55.82 kg,188.84 cm,Jordan,AB-,29/03/1988 11:34:10
Mr. Rodney Ferguson,646.246.6471x26,"317,849",73.64 kg,153.67 cm,Micronesia,A-,13/11/1990 18:58:23
Julie Paul,6982778615,"118,129",96.91 kg,166.68 cm,Chile,A-,17/09/1956 08:20:32
Melissa Walter,(583)569-4956x5,,58.87 kg,182.50 cm,Hungary,O-,15/02/1984 01:18:32
Norma Fuentes,(217)749-1827x2,"759,796",86.70 kg,161.34 cm,Burundi,O+,14/02/1995 19:07:12
James Gray,+1-817-441-0997,"554,592",52.68 kg,186.47 cm,France,A+,22/02/2001 16:04:26
Sara Woods,,"278,536",88.57 kg,196.84 cm,Greenland,AB+,
Renee Thompson,471-866-0848x09,"590,547",97.27 kg,177.10 cm,,B-,08/09/1978 21:07:54
Gregory Mcknight,,"897,029",56.66 kg,179.20 cm,Tokelau,O+,09/03/1975 10:53:46
Eric Alexander,2025915830,"350,499",79.27 kg,177.41 cm,Tonga,AB+,06/10/1986 03:03:23
Alexandra Calhoun,728.547.0245x46,"874,340",95.58 kg,169.39 cm,Marshall Islands,A-,28/12/1961 04:51:21
Carrie Rose,001-338-662-301,,77.80 kg,187.82 cm,France,B-,06/02/1993 21:53:04
Jeffrey Warren,(911)371-4232,"370,659",78.33 kg,156.17 cm,Taiwan,B-,24/04/2000 21:03:45
Trevor Bridges,001-403-533-392,"934,265",71.77 kg,178.06 cm,Poland,O-,15/12/1976 07:37:55
Thomas Allen,728-610-5152x62,"911,452",60.79 kg,178.49 cm,Antarctica (the territory South of 60 deg S),O+,21/11/1990 11:37:45
Michael Gregory,(528)773-1844x7,"232,368",,198.12 cm,Serbia,AB+,03/09/1999 10:36:26
Eddie Stevens,282.785.5920x13,"878,433",82.46 kg,195.42 cm,Estonia,AB-,05/09/1997 18:53:06
Kathryn Daniels,+1-866-855-6253,"601,824",71.50 kg,192.45 cm,Cote d'Ivoire,AB+,27/01/1980 14:05:54
David Kirk,(225)270-8047,"711,093",62.20 kg,157.63 cm,United Arab Emirates,AB-,29/04/1969 19:06:13
James Bates,(866)658-2029x5,"82,117",91.84 kg,191.26 cm,Australia,O+,02/07/1997 17:32:17
Randy Long,7855900390,"47,149",,188.45 cm,Kiribati,O-,
Joanna Chapman,+1-466-985-2050,"800,880",92.00 kg,172.40 cm,Kiribati,AB-,24/10/2003 12:29:38
Jennifer Key,,,94.26 kg,,British Indian Ocean Territory (Chagos Archipelago),A-,26/03/1964 13:36:40
Michael Torres,+1-238-844-4018,"332,532",56.97 kg,163.45 cm,,A-,20/11/1996 09:13:12
Richard Taylor,(247)493-3445,"15,179",87.46 kg,193.55 cm,Lithuania,O+,28/04/1993 08:42:00
Michael Payne,885-922-0337,"296,394",79.58 kg,185.54 cm,Saint Helena,O-,05/10/1986 21:19:37
Jennifer Pineda,(600)250-5522x7,"476,547",94.53 kg,159.58 cm,,B-,13/06/1957 03:51:07
Ms. Laura Martin,336-435-6949x94,"160,956",94.06 kg,167.07 cm,Suriname,O+,03/11/2005 03:04:04
Anthony Chavez,704.214.9664,,53.81 kg,171.38 cm,Spain,B-,27/05/1956 08:50:38
Johnny Ballard,246.837.6040x39,"620,592",59.31 kg,173.50 cm,Tunisia,B+,27/11/1955 19:51:00
Mr. Robert Fisher,+1-882-510-8575,"585,727",67.04 kg,166.43 cm,North Macedonia,B+,01/10/1959 22:02:25
Sherry Smith,(325)991-5215x2,"900,183",,153.36 cm,Svalbard & Jan Mayen Islands,AB+,07/12/1997 05:29:48
,494-595-0667x85,"148,476",96.19 kg,154.11 cm,French Guiana,B-,08/01/1998 05:03:47
,(963)737-1525x1,"637,538",,165.88 cm,Bosnia and Herzegovina,B+,
Jennifer Torres,(460)692-6061,"339,344",87.62 kg,185.32 cm,Thailand,AB+,10/02/1993 14:32:21
Gerald Bradshaw,+1-857-405-5183,"269,388",57.49 kg,,Gambia,AB+,28/09/1979 15:20:40
Stephanie Gentry,314-596-0025x91,"290,714",56.15 kg,161.34 cm,French Guiana,AB-,28/03/1965 07:58:25
Matthew Stewart,874-208-0590x88,"324,742",,167.52 cm,Gambia,B+,02/03/1985 02:39:08
Luis Hayes,+1-949-986-8819,"289,132",81.84 kg,195.66 cm,Fiji,A+,23/01/1955 00:43:08
Billy Powell,865.941.4824,"755,144",67.87 kg,161.50 cm,Puerto Rico,AB+,10/02/1991 04:29:06
Hannah Mason,001-953-945-221,"17,969",87.00 kg,178.65 cm,Thailand,B+,24/08/1956 18:16:47
Tyler Becker,677-357-2453,"226,900",88.28 kg,194.42 cm,Sudan,B-,07/09/1975 10:16:16
Austin Fowler,221-273-2701x30,"98,502",64.11 kg,183.20 cm,Palestinian Territory,AB+,27/07/1978 09:16:05
Diane Rhodes,608.684.5661,"80,991",80.88 kg,158.40 cm,Saint Kitts and Nevis,B+,12/04/2001 16:31:34
Amy Gonzalez,(905)707-9058x7,"667,232",,153.43 cm,Cocos (Keeling) Islands,B+,
Kristina Hill,001-984-256-856,,67.18 kg,165.30 cm,Eritrea,A-,24/05/1992 15:44:01
Kimberly Taylor,475.700.7195x20,"811,700",82.68 kg,187.45 cm,,O+,11/09/1958 01:32:34
David Bowers,(295)879-1872x4,"669,830",57.71 kg,195.62 cm,Jamaica,O+,03/09/1990 02:40:10
Dr. Doris Jordan,001-900-982-510,"579,136",84.11 kg,192.56 cm,Togo,B-,26/08/1960 21:18:27
Paul Schmidt,892.819.2132,"754,062",64.05 kg,168.30 cm,Finland,,24/11/1984 12:38:33
David Jones,+1-213-709-3281,"80,112",,179.96 cm,Serbia,O-,17/07/1994 21:39:25
Allison Salas,+1-326-938-8360,"130,171",60.71 kg,186.74 cm,Saint Barthelemy,O+,01/11/1978 21:55:20
Timothy Taylor,9537934948,"882,950",86.05 kg,164.06 cm,Heard Island and McDonald Islands,O+,06/10/1974 14:50:58
Carolyn Stewart,(690)222-1188x4,"43,869",76.08 kg,186.23 cm,Luxembourg,O+,25/12/1995 08:37:37
Steven Bernard,,"856,242",74.86 kg,179.10 cm,Saint Helena,O+,28/11/1954 05:47:34
Mr. Richard Johnson,599.600.8020,"573,856",60.70 kg,173.62 cm,Ghana,B-,17/07/1958 02:41:15
Marcus Butler,001-224-617-851,"801,671",91.56 kg,196.00 cm,Ukraine,,30/11/2001 19:17:52
Mr. Chad Martin,,"423,751",98.28 kg,189.90 cm,New Zealand,A-,24/11/1975 01:34:31
Natasha Allen,(489)388-1008x0,"117,910",89.77 kg,158.46 cm,Turks and Caicos Islands,B-,15/10/1980 04:03:26
,,"235,160",82.26 kg,180.24 cm,,O-,14/05/1955 13:31:29
Katrina Gonzalez,949.210.8902x53,"37,133",58.14 kg,174.01 cm,,B-,02/01/1999 12:49:11
Tracy Holland,898-469-1347x07,"381,832",50.03 kg,155.07 cm,South Africa,O-,15/09/1977 22:19:00
Kyle Pugh PhD,(282)861-7892x0,"744,462",65.52 kg,178.11 cm,British Indian Ocean Territory (Chagos Archipelago),A+,18/01/1964 22:21:17
Monica Mcguire,649.271.5393x35,"608,490",85.88 kg,180.58 cm,Panama,O-,15/09/1975 23:18:42
Jason Davis,(486)411-2818x4,"857,527",91.68 kg,160.03 cm,Puerto Rico,AB+,31/08/1987 17:55:07
Michelle Jarvis,(863)529-5415x9,"914,084",77.32 kg,162.19 cm,Lebanon,O+,
James White,290.335.1806,"311,409",91.96 kg,150.69 cm,New Zealand,B-,01/11/1958 12:33:35
Jonathan Pena,+1-695-970-1693,"739,777",85.60 kg,174.47 cm,Netherlands Antilles,A-,11/03/1982 03:20:25
Joseph Davis,,,69.83 kg,153.27 cm,Bahrain,AB-,18/04/1988 20:25:14
Erica Craig,603-893-4695,"787,115",,187.77 cm,,B+,24/05/1969 23:24:49
Sierra Klein,+1-380-784-2327,"649,077",73.56 kg,,Vietnam,O-,12/04/1971 15:03:21
Melanie Frank,001-346-339-091,"740,443",96.58 kg,179.95 cm,Netherlands Antilles,AB-,
John Ryan,001-794-322-608,"883,922",55.22 kg,183.33 cm,Djibouti,B-,11/09/1994 18:19:53
Emily Gonzalez,655-681-2241x67,"897,194",90.42 kg,154.00 cm,Lesotho,B+,05/04/1963 17:11:45
Phillip Perez,654-210-3999,"709,455",52.77 kg,192.76 cm,Guatemala,B-,21/04/1960 20:27:30
Cynthia Goodman,(668)220-4757x7,"100,647",55.31 kg,176.73 cm,Tunisia,A-,23/05/1964 12:18:47
Richard Morgan,+1-972-573-1796,"943,866",58.96 kg,190.75 cm,Gabon,B-,22/06/1960 15:12:45
Steve Smith,903.216.7925x50,"448,666",51.02 kg,153.67 cm,Nigeria,O+,04/05/1988 18:08:10
Colin Lewis,676.259.1718,"828,060",73.92 kg,174.58 cm,Grenada,B+,25/01/1969 11:31:37
Robert Vasquez,870-499-0615x28,,78.91 kg,,Mali,AB+,01/01/1975 15:00:51
Nicole Hayes,+1-235-284-5822,"391,451",51.20 kg,170.77 cm,Syrian Arab Republic,O+,25/03/1958 10:22:33
Samantha Long,(393)819-5385,"210,021",83.89 kg,199.86 cm,Saint Lucia,AB+,25/01/1977 06:12:09
,001-836-775-165,"33,586",52.14 kg,194.00 cm,Italy,O-,06/02/1986 16:12:28
Bobby Schroeder,(784)758-0166,"610,337",96.19 kg,159.12 cm,Samoa,A+,12/08/1973 00:29:01
Matthew Harris,+1-381-253-5334,"415,756",64.02 kg,166.99 cm,Guyana,AB-,18/11/1961 13:57:26
Lisa May,(297)658-2426,"332,528",71.36 kg,199.36 cm,United Arab Emirates,O-,29/04/1997 08:51:36
Dennis Gordon,001-562-675-442,"654,170",84.43 kg,,Pitcairn Islands,B-,26/11/1979 03:56:46
,(670)602-3653,"425,862",98.01 kg,162.74 cm,Spain,AB-,04/02/1955 08:48:33
Antonio Blanchard,959.729.7911x07,"471,909",90.98 kg,157.43 cm,Romania,B+,13/10/1983 07:54:21
Shawn Medina,869.364.8813x00,"759,668",87.05 kg,162.15 cm,Morocco,AB-,18/11/1962 20:20:36
Casey Hernandez,944-587-2340x32,"977,914",65.26 kg,,Cape Verde,B+,09/04/1957 06:35:38
Nicholas Walker,637.821.3478,"219,625",70.45 kg,154.77 cm,Senegal,,16/11/1965 18:21:59
Maria Villanueva,+1-329-723-3212,"99,759",63.39 kg,182.24 cm,Sierra Leone,A+,18/11/1963 08:09:16
John Bryan MD,860.340.0131x90,"388,586",65.51 kg,197.79 cm,Taiwan,AB+,05/08/2004 07:07:02
Dennis Jenkins,+1-956-243-1584,"604,082",60.73 kg,180.86 cm,Indonesia,B+,23/06/2002 11:52:08
,001-215-246-388,"487,413",75.11 kg,172.06 cm,Myanmar,O+,05/11/1970 16:19:01
David Francis,(607)345-8580,"982,875",86.99 kg,176.04 cm,Faroe Islands,,09/11/1968 06:46:20
Alexandra Santiago,001-478-790-562,"154,563",78.28 kg,182.34 cm,Spain,A-,27/09/1991 15:23:45
Rhonda Allen,(695)639-8477x9,"685,211",99.28 kg,168.84 cm,Timor-Leste,A+,27/08/2001 11:47:13
Sean Yu,218.872.1619,,60.43 kg,161.81 cm,Bulgaria,AB-,15/10/1958 02:01:29
Dustin Gonzales,(752)795-9053x9,"695,972",74.64 kg,167.42 cm,Botswana,A-,16/07/1986 07:08:25
Keith Jones,784-480-2328x04,"589,618",90.46 kg,193.78 cm,Ireland,B+,
Mr. Travis Anderson PhD,001-343-929-878,"50,771",93.97 kg,195.24 cm,Ireland,B-,23/09/2006 09:02:49
Sharon Sullivan,(602)493-8555,"511,409",80.16 kg,164.72 cm,Kenya,AB+,15/06/1981 18:47:45
Tiffany Carpenter,+1-652-681-6281,"204,408",62.99 kg,177.47 cm,Estonia,O-,28/05/1986 06:15:16
Stephanie White,531.208.9152,"510,137",59.03 kg,169.09 cm,Guam,O+,03/01/1956 11:11:25
Taylor Ho,+1-855-651-4623,"558,572",,162.42 cm,Gambia,A+,18/06/1994 05:08:03
Elizabeth Marshall,+1-648-611-0025,"575,744",89.94 kg,175.44 cm,Palau,B-,01/07/1968 13:02:27
Kimberly Simon,001-930-291-184,"761,432",85.68 kg,193.30 cm,Gambia,A+,11/09/1960 03:35:59
Patricia Pearson,916.253.2373x11,"397,588",64.53 kg,196.12 cm,Namibia,AB+,25/01/1961 09:14:25
Jonathan Garcia,001-363-674-010,"394,801",68.57 kg,165.22 cm,Kazakhstan,O+,08/01/1998 13:30:38
John West,340-745-6209x32,"658,587",64.98 kg,,Pitcairn Islands,B+,03/03/1958 18:05:06
Scott Barber,+1-954-693-3590,"773,287",65.96 kg,159.11 cm,Saint Barthelemy,AB-,04/09/1973 03:21:44
William Norman,879.340.5837x58,"791,610",60.97 kg,198.85 cm,Panama,O-,
Derek Nichols,457.533.1920,"477,139",59.92 kg,156.50 cm,Belarus,,10/10/1973 19:04:43
Michael Gonzalez,9638465863,"227,646",96.69 kg,184.16 cm,Cameroon,B-,29/03/1974 06:44:34
Isaac Williams,564-487-1127x50,,91.52 kg,176.96 cm,Haiti,O-,31/03/1980 16:54:36
Kenneth Pratt,001-319-359-519,"543,543",87.33 kg,162.15 cm,Tanzania,AB-,23/11/1988 03:41:21
Carlos King,454.552.3799x03,"692,159",64.77 kg,165.97 cm,Luxembourg,B+,14/03/1997 08:46:02
Katrina Oneal,(921)674-8250x4,"854,094",60.12 kg,188.57 cm,Vietnam,A+,26/11/1986 08:10:52
Frank Smith,893.751.2286x14,"722,479",70.78 kg,194.69 cm,Malta,AB-,27/07/1967 01:14:10
Kenneth Smith,001-335-880-580,"24,848",86.05 kg,198.08 cm,Guinea,A-,03/01/1982 09:48:16
Jesse Hancock,001-812-853-194,"362,188",91.45 kg,197.16 cm,Lao People's Democratic Republic,O+,13/07/1978 03:51:52
William Hart,225-270-9432x15,"821,592",55.78 kg,173.59 cm,Cyprus,B+,24/05/2004 13:39:25
Richard Weber,(939)952-4096x7,"366,459",95.84 kg,156.99 cm,Ukraine,AB+,17/10/1964 14:44:03
Kimberly Hess,001-249-965-802,"44,269",69.49 kg,188.33 cm,,AB-,30/10/1972 14:55:18
Lauren Davis,+1-580-678-2278,"874,476",71.33 kg,162.61 cm,Wallis and Futuna,O+,10/12/1978 14:16:27
Richard Nguyen,(722)513-9771x8,"581,778",74.90 kg,183.13 cm,Jordan,B+,28/09/1973 08:37:48
Brenda Garcia,371.295.4904x13,"953,330",81.80 kg,195.35 cm,Swaziland,A-,09/02/1969 05:43:56
Jennifer Johnson,,"146,487",58.60 kg,199.36 cm,Algeria,O-,24/04/1979 11:25:30
Lisa Ramos,761.713.0561,"671,781",66.10 kg,161.78 cm,Russian Federation,A+,16/01/1995 20:05:54
Larry Moore,(627)846-8274x1,"92,451",94.20 kg,167.18 cm,Chad,B-,11/11/1970 17:59:25
David Lara,+1-660-640-5487,"493,605",93.14 kg,154.78 cm,Aruba,AB-,16/03/2000 02:24:18
Lisa Frank,851-947-8569,"563,702",72.87 kg,150.55 cm,Nauru,B-,11/08/1956 15:48:53
,(799)641-6188,"824,464",60.87 kg,164.25 cm,Greenland,O+,08/10/1974 04:13:52
Jennifer Nguyen,5739852928,"564,046",66.46 kg,162.65 cm,Lesotho,AB-,12/09/1980 10:40:07
,(312)603-8210x4,"299,507",60.26 kg,159.34 cm,Tonga,O+,09/08/1958 05:23:46
Steven Quinn,957.596.5550,"551,255",84.99 kg,177.70 cm,Cambodia,AB+,19/09/1976 00:52:52
Michelle Stone,(565)552-4011,"178,278",88.74 kg,165.97 cm,Lebanon,AB-,10/11/1976 22:46:33
Katie Smith,001-462-512-712,"516,974",54.97 kg,184.72 cm,Montenegro,AB+,20/09/1974 21:01:37
David Cole,(892)329-3719x2,"988,152",75.35 kg,,Andorra,,03/11/1998 22:29:33
Carrie Bridges,711-845-5565x22,"251,907",69.86 kg,,Korea,A-,18/02/1958 15:44:00
Danielle Serrano,822.478.1197,"367,140",85.60 kg,159.23 cm,Congo,B-,13/02/1960 06:57:10
Alice Barnes,793.353.9547,"948,832",54.15 kg,169.53 cm,China,A+,06/12/1957 23:07:56
Nathan Barker,4779994353,"380,205",61.43 kg,176.78 cm,Dominica,O-,11/09/1959 03:23:29
